Submethod,PSNR,SSIM,LPIPS,Size [Bytes]
c1,21.15390968322754,0.5751523375511169,0.3739986717700958,28091993
c3,21.144805908203125,0.5749112963676453,0.37366044521331787,25870477
