Submethod,PSNR,SSIM,LPIPS,Size [Bytes]
c1,22.297746658325195,0.6213698387145996,0.36467134952545166,28681415
c3,22.31863784790039,0.6224706172943115,0.36299142241477966,26401079
